{"f1_score_train": 0.36501100583787927, "f1_score_test": 0.37124861059651726, "conf_matrix_train": [[4446, 6176], [459, 1907]], "conf_matrix_test": [[1082, 1559], [138, 501]], "kappa_test": 0.10512472588600719, "kappa_train": 0.1158131052510919}