{"f1_score_train": 0.2746404239212718, "f1_score_test": 0.34024455077086657, "conf_matrix_train": [[7408, 3265], [1526, 907]], "conf_matrix_test": [[1719, 968], [273, 320]], "kappa_test": 0.12314050156480516, "kappa_train": 0.052416435317435006}