{"f1_score_train": 0.3652278901297917, "f1_score_test": 0.37249283667621774, "conf_matrix_train": [[4864, 5697], [612, 1815]], "conf_matrix_test": [[1292, 1407], [126, 455]], "kappa_test": 0.14038304125759304, "kappa_train": 0.11533874779804432}