{"f1_score_train": 0.37298387096774194, "f1_score_test": 0.36917562724014336, "conf_matrix_train": [[5843, 4840], [758, 1665]], "conf_matrix_test": [[1460, 1217], [191, 412]], "kappa_test": 0.1378067226671118, "kappa_train": 0.14177278925866021}