{"f1_score_train": 0.36546104928457873, "f1_score_test": 0.3682514101531023, "conf_matrix_train": [[4763, 5798], [588, 1839]], "conf_matrix_test": [[1255, 1444], [124, 457]], "kappa_test": 0.13300038199608288, "kappa_train": 0.11426447028666886}