{"f1_score_train": 0.36592818945760125, "f1_score_test": 0.3633587786259542, "conf_matrix_train": [[4432, 6145], [495, 1916]], "conf_matrix_test": [[1136, 1545], [123, 476]], "kappa_test": 0.11363444160350145, "kappa_train": 0.1122076614341535}