{"f1_score_train": 0.27531455961653684, "f1_score_test": 0.3497031840259039, "conf_matrix_train": [[7349, 3311], [1527, 919]], "conf_matrix_test": [[1751, 948], [257, 324]], "kappa_test": 0.14074076650689082, "kappa_train": 0.05083145396243882}