{"f1_score_train": 0.35696501113877604, "f1_score_test": 0.34074823053589487, "conf_matrix_train": [[6719, 3854], [1053, 1362]], "conf_matrix_test": [[1639, 1047], [257, 337]], "kappa_test": 0.11696308237097319, "kappa_train": 0.13780150444245431}