{"f1_score_train": 0.3349937733499378, "f1_score_test": 0.33521657250470815, "conf_matrix_train": [[7640, 2946], [1326, 1076]], "conf_matrix_test": [[1954, 723], [336, 267]], "kappa_test": 0.1383195653791769, "kappa_train": 0.13458203256164436}