{"f1_score_train": 0.3740161844584857, "f1_score_test": 0.3566651805617477, "conf_matrix_train": [[5772, 4901], [746, 1687]], "conf_matrix_test": [[1437, 1250], [193, 400]], "kappa_test": 0.12353383430799936, "kappa_train": 0.14114136215308315}