{"f1_score_train": 0.28313796212804326, "f1_score_test": 0.35543766578249336, "conf_matrix_train": [[7394, 3284], [1486, 942]], "conf_matrix_test": [[1730, 951], [264, 335]], "kappa_test": 0.14152254591169822, "kappa_train": 0.06253570846524781}