{"f1_score_train": 0.323719464144996, "f1_score_test": 0.33189389265885255, "conf_matrix_train": [[7670, 2911], [1380, 1027]], "conf_matrix_test": [[1928, 759], [324, 269]], "kappa_test": 0.13310777436554222, "kappa_train": 0.12166522346072883}