{"f1_score_train": 0.34853518574448805, "f1_score_test": 0.3262325015216069, "conf_matrix_train": [[7520, 3057], [1257, 1154]], "conf_matrix_test": [[1905, 784], [323, 268]], "kappa_test": 0.12413618758889, "kappa_train": 0.14719483970845293}