{"f1_score_train": 0.36667861838173776, "f1_score_test": 0.35838150289017345, "conf_matrix_train": [[6273, 4399], [900, 1534]], "conf_matrix_test": [[1576, 1110], [222, 372]], "kappa_test": 0.1346304685754488, "kappa_train": 0.14023170083392777}