{"f1_score_train": 0.34321418192385933, "f1_score_test": 0.34193918531267925, "conf_matrix_train": [[7287, 3299], [1221, 1181]], "conf_matrix_test": [[1835, 842], [305, 298]], "kappa_test": 0.13358205517940214, "kappa_train": 0.13491798058799065}