{"f1_score_train": 0.36283185840707965, "f1_score_test": 0.36890524379024836, "conf_matrix_train": [[6143, 4481], [847, 1517]], "conf_matrix_test": [[1507, 1125], [247, 401]], "kappa_test": 0.1266953152168513, "kappa_train": 0.13766287315112347}