{"f1_score_train": 0.2741162372678251, "f1_score_test": 0.34471544715447155, "conf_matrix_train": [[7345, 3336], [1510, 915]], "conf_matrix_test": [[1753, 925], [284, 318]], "kappa_test": 0.12941918249459716, "kappa_train": 0.05033964227503007}