{"f1_score_train": 0.2732942039618489, "f1_score_test": 0.3175384615384615, "conf_matrix_train": [[8399, 2282], [1680, 745]], "conf_matrix_test": [[1913, 765], [344, 258]], "kappa_test": 0.11243371654839018, "kappa_train": 0.0853749712759394}