{"f1_score_train": 0.2847190670907163, "f1_score_test": 0.3680083638264506, "conf_matrix_train": [[7443, 3265], [1458, 940]], "conf_matrix_test": [[1719, 931], [278, 352]], "kappa_test": 0.1486756289098896, "kappa_train": 0.06737958255665988}