{"f1_score_train": 0.3525309917355372, "f1_score_test": 0.3629032258064516, "conf_matrix_train": [[6727, 3991], [1023, 1365]], "conf_matrix_test": [[1656, 985], [279, 360]], "kappa_test": 0.13421222442420666, "kappa_train": 0.13435349237375693}