{"f1_score_train": 0.3632267753700923, "f1_score_test": 0.36324786324786323, "conf_matrix_train": [[5359, 5222], [714, 1693]], "conf_matrix_test": [[1365, 1322], [168, 425]], "kappa_test": 0.12779315176991668, "kappa_train": 0.12175791202279085}