{"f1_score_train": 0.3646634849517873, "f1_score_test": 0.3666274970622797, "conf_matrix_train": [[4593, 5984], [539, 1872]], "conf_matrix_test": [[1195, 1486], [131, 468]], "kappa_test": 0.12086760900309435, "kappa_train": 0.11255757589673343}