{"f1_score_train": 0.36677940623825633, "f1_score_test": 0.38095238095238093, "conf_matrix_train": [[4296, 6317], [423, 1952]], "conf_matrix_test": [[1104, 1546], [118, 512]], "kappa_test": 0.12302283580458773, "kappa_train": 0.11546734965587657}