{"f1_score_train": 0.36629333333333336, "f1_score_test": 0.36537661256762377, "conf_matrix_train": [[5330, 5292], [649, 1717]], "conf_matrix_test": [[1316, 1325], [200, 439]], "kappa_test": 0.11114238638899898, "kappa_train": 0.12906017604965792}