{"f1_score_train": 0.18405594405594405, "f1_score_test": 0.24124513618677043, "conf_matrix_train": [[9860, 808], [2109, 329]], "conf_matrix_test": [[2376, 313], [467, 124]], "kappa_test": 0.10398395128227944, "kappa_train": 0.07455193953571182}