{"f1_score_train": 0.27443837279902855, "f1_score_test": 0.3589473684210526, "conf_matrix_train": [[7422, 3246], [1534, 904]], "conf_matrix_test": [[1721, 968], [250, 341]], "kappa_test": 0.1472266894241372, "kappa_train": 0.05234319767513629}