{"f1_score_train": 0.21867440735365262, "f1_score_test": 0.22986247544204322, "conf_matrix_train": [[9424, 1257], [1973, 452]], "conf_matrix_test": [[2379, 299], [485, 117]], "kappa_test": 0.09395329958395815, "kappa_train": 0.07755618822583332}