{"f1_score_train": 0.3624496899815077, "f1_score_test": 0.3822377013495864, "conf_matrix_train": [[5461, 5152], [709, 1666]], "conf_matrix_test": [[1422, 1228], [191, 439]], "kappa_test": 0.14344079768262752, "kappa_train": 0.12515937814664957}