{"f1_score_train": 0.2842455397641367, "f1_score_test": 0.3563096500530223, "conf_matrix_train": [[7432, 3251], [1483, 940]], "conf_matrix_test": [[1730, 947], [267, 336]], "kappa_test": 0.14160225679930638, "kappa_train": 0.06523227086811068}