{"f1_score_train": 0.368063946463426, "f1_score_test": 0.35023713973002557, "conf_matrix_train": [[4209, 6368], [431, 1980]], "conf_matrix_test": [[1019, 1670], [111, 480]], "kappa_test": 0.0941980220741242, "kappa_train": 0.11236422367147159}