{"f1_score_train": 0.28459687123947053, "f1_score_test": 0.35119363395225467, "conf_matrix_train": [[7404, 3268], [1488, 946]], "conf_matrix_test": [[1726, 960], [263, 331]], "kappa_test": 0.1371562447032667, "kappa_train": 0.06429188793336071}