{"f1_score_train": 0.3683111954459203, "f1_score_test": 0.36944127708095775, "conf_matrix_train": [[4389, 6191], [467, 1941]], "conf_matrix_test": [[1135, 1543], [116, 486]], "kappa_test": 0.12045780314232124, "kappa_train": 0.115171657760752}