{"f1_score_train": 0.34557425018288224, "f1_score_test": 0.3384615384615385, "conf_matrix_train": [[7334, 3246], [1227, 1181]], "conf_matrix_test": [[1876, 802], [316, 286]], "kappa_test": 0.1337526173755943, "kappa_train": 0.13872306202576656}