{"f1_score_train": 0.30635735788914464, "f1_score_test": 0.320107599193006, "conf_matrix_train": [[8206, 2418], [1499, 865]], "conf_matrix_test": [[2031, 601], [410, 238]], "kappa_test": 0.12504854860771042, "kappa_train": 0.12014995465677902}