{"f1_score_train": 0.32086773514651123, "f1_score_test": 0.2860980523841504, "conf_matrix_train": [[7920, 2740], [1455, 991]], "conf_matrix_test": [[2004, 695], [368, 213]], "kappa_test": 0.08937052212376428, "kappa_train": 0.12318314179495915}