{"f1_score_train": 0.28510702899650825, "f1_score_test": 0.35504201680672265, "conf_matrix_train": [[7458, 3260], [1449, 939]], "conf_matrix_test": [[1714, 927], [301, 338]], "kappa_test": 0.12976482407717482, "kappa_train": 0.06878397426424443}