{"f1_score_train": 0.06079261254328588, "f1_score_test": 0.04965517241379311, "conf_matrix_train": [[10586, 132], [2309, 79]], "conf_matrix_test": [[2573, 68], [621, 18]], "kappa_test": 0.0036030284485815134, "kappa_train": 0.03215912214513872}