{"f1_score_train": 0.2638994091804272, "f1_score_test": 0.3620331950207469, "conf_matrix_train": [[7376, 3349], [1510, 871]], "conf_matrix_test": [[1701, 931], [299, 349]], "kappa_test": 0.13516943339278353, "kappa_train": 0.04117935592035937}