{"f1_score_train": 0.3490806945863126, "f1_score_test": 0.3722334004024144, "conf_matrix_train": [[6641, 4067], [1031, 1367]], "conf_matrix_test": [[1662, 988], [260, 370]], "kappa_test": 0.1488951172248606, "kappa_train": 0.12757556571853346}