{"f1_score_train": 0.0616061606160616, "f1_score_test": 0.06725146198830409, "conf_matrix_train": [[10463, 215], [2344, 84]], "conf_matrix_test": [[2619, 62], [576, 23]], "kappa_test": 0.022902474214288593, "kappa_train": 0.021869500099130468}