{"f1_score_train": 0.3544737744257799, "f1_score_test": 0.3722595078299776, "conf_matrix_train": [[5906, 4819], [830, 1551]], "conf_matrix_test": [[1461, 1171], [232, 416]], "kappa_test": 0.12745579865788104, "kappa_train": 0.12234803115618631}