{"f1_score_train": 0.3501303214596003, "f1_score_test": 0.34713556437889964, "conf_matrix_train": [[7291, 3282], [1206, 1209]], "conf_matrix_test": [[1823, 863], [288, 306]], "kappa_test": 0.1407843840552333, "kappa_train": 0.14283735398824038}