{"f1_score_train": 0.2520152736529486, "f1_score_test": 0.2591687041564792, "conf_matrix_train": [[8986, 1682], [1844, 594]], "conf_matrix_test": [[2212, 477], [432, 159]], "kappa_test": 0.08900247127237526, "kappa_train": 0.08823613206779557}